ID,index,probability
K#0050,50,0.5711
K#0051,51,1.0
K#0052,52,1.0
K#0053,53,0.07397
K#0054,54,0.05126
K#0055,55,0.36678
K#0056,56,1.0
K#0057,57,0.0
K#0058,58,0.87323
K#0059,59,0.37399
K#0060,60,0.9281
K#0061,61,0.00062
K#0062,62,0.02253
K#0063,63,0.0
K#0064,64,0.0
K#0065,65,0.89124
K#0066,66,0.5261
K#0067,67,0.99999
K#0068,68,0.2183
K#0069,69,0.51882
K#0070,70,0.99872
K#0071,71,0.92096
K#0072,72,0.46156
K#0073,73,0.65401
K#0074,74,0.01254
